page,upc,sku,title
1,,FIXTURE-A,Fixture Product A — full tier visibility
1,,FIXTURE-B,Fixture Product B — retail-only
1,,FIXTURE-C,Fixture Product C — case pack
1,860005034901,354010,Eyeganics Organics Tears Organic Tears .3 oz
1,856035001013,271010,"DEAD SEA WAREHOUSE, INC. Amazing Minerals Bath Salts Dead Sea Bath Salts 5 lbs"
1,050525555011,497226,Sai Baba Nag Champa Incense Sai Baba Nag Champa 15 gm
1,049056102016,600104,JR Liggetts Bar Shampoo Bar Shampoo Original Bar 3.5 oz
1,079565006215,025307,Ancient Secrets Nasal Cleansing Salt Salt Bag 8 oz
1,000370000051,164030,Eco-Dent Premium Oral Care Mouthwash Daily Rinse Sparkling Clean Mint 8 oz
1,9327693006883,281010,Sukin Signature Hair Care Hydrating Shampoo 16.9 oz
1,079565000985,140090,Chandrika Ayurvedic Soap Soap Sandalwood Soap 75 gm
1,850039549595,326071,ESW BEAUTY ESW BEAUTY LIP SMOOTHIE LIP TREATMENT Guava Mango .51 oz
2,9327693006890,281011,Sukin Signature Hair Care Hydrating Conditioner 16.9 oz
2,000360000016,164024,Eco-Dent SpecialCare Toothpowders ExtraBrite
2,9327693006920,281018,Sukin Signature Hair Care Natural Balance Shampoo 16.9 oz
2,666582002513,350067,KOOSHOO Twist Headbands Everyday Headband Pink Mist
2,810105790627,446009,Karuna Skin Facial Care Balancing Cleanser Mini 50 ml
2,050525555059,497230,Sai Baba Nag Champa Incense Sai Baba Nag Champa 100 gr
2,856035001044,271020,"DEAD SEA WAREHOUSE, INC. Amazing Minerals Body &amp; Facial Care Bars Original Face &amp; Body Care Bar 3.5 oz"
2,666582002902,350047,KOOSHOO Twist Headbands Gather Headband Black
2,9327693000294,281060,Sukin Signature Face Moisturiser 4.23 oz
2,9327693000317,281062,Sukin Signature Face Foaming Cleanser 4.23 oz
2,666582002445,350049,KOOSHOO Plastic Free Hair Accessories Scrunchies All Black 2 pk
2,666582002483,350043,KOOSHOO Plastic Free Hair Accessories Mini &amp; Midi Hair Ties Black 4 pk
3,727616171169,498120,Aztec Secret - Bentonite Clay Bentonite Clay Bentonite Clay 1#
3,000360000061,164010,Eco-Dent DailyCare Toothpowders Original Mint 2 oz Bottle
3,850039549601,326072,ESW BEAUTY ESW BEAUTY LIP SMOOTHIE LIP TREATMENT Vanilla Almond Butter .51 oz
3,666582002322,350048,KOOSHOO Plastic Free Hair Accessories Scrunchies Pink Beet 2 pk
3,850039549588,326070,ESW BEAUTY ESW BEAUTY LIP SMOOTHIE LIP TREATMENT White Pitaya Coconut .51 oz
3,9327693006906,281014,Sukin Signature Hair Care Volumising Shampoo 16.9 oz
3,850011136362,743022,WOODEN SPOON HERBS WOODEN SPOON HERBS TINCTURES Magic Magnesium 3.7 oz
3,050525557152,497232,Sai Baba Nag Champa Incense Sai Baba Nag Champa Incense Cones 12 ct
3,864276000382,336048,SHEABRAND Lip Balms Peppermint .28 oz
3,9327693000430,281040,Sukin Signature Body Botanical Body Wash 16.9 oz
3,850011136386,743030,WOODEN SPOON HERBS WOODEN SPOON HERBS POWDERS Lemon Ginger Immune Toddy Sachet 10 ct
3,079565005133,025300,Ancient Secrets Nasal Cleansing (Neti) Pot Nasal Cleansing Pot
4,850011136492,743023,WOODEN SPOON HERBS WOODEN SPOON HERBS TINCTURES Magic Magnesium Sachets 10 ct
4,9327693006937,281019,Sukin Signature Hair Care Natural Balance Conditioner 16.9 oz
4,666582002377,350052,KOOSHOO Plastic Free Hair Accessories Bracelet Hair Ties Wanderlust 3 pk
4,860012137695,806011,Earth Harbor Naturals Facial Care TREASURE Barrier Boost Glazing Milk 2 oz
4,666582002599,350044,KOOSHOO Plastic Free Hair Accessories Crochet Hair Ties Hot Jam 3 pk
4,9327693000508,281076,Sukin Signature Face Moisture Restoring Night Cream 4.06 oz
4,5060571720542,853020,UPCIRCLE BEAUTY Skincare Face Moisturizer with Argan Powder 1.7 oz
4,5053250018580,639012,F.E.T.E. Adult Bamboo Toothbrush Blue Sky Soft
4,860008839022,886020,Flora Flora Hair Care Silk Conditioner 1.9 oz Bar
4,850006541072,806022,Earth Harbor Naturals Facial Care Citrine Sea Resurfacing Cleanse Polish 2 oz
4,860008839015,886012,Flora Flora Hair Care Hydrating Shampoo Bar 2 oz
4,860008839008,886011,Flora Flora Hair Care Clarifying Shampoo Bar 2 oz
5,9327693004438,281098,Sukin Super Greens Face Recovery Serum 1.01 oz
5,049056102023,600101,JR Liggetts Bar Shampoo Bar Shampoo Herbal Bar 3.5 oz
5,9327693000607,281068,Sukin Signature Face Revitalising Facial Scrub 4.23 oz
5,666582002292,350051,KOOSHOO Plastic Free Hair Accessories Satin Bow Scrunchie Black
5,628110868411,350060,KOOSHOO Twist Headbands Jet Black Twist Headband
5,860008839039,886010,Flora Flora Hair Care Scalp Soothe Shampoo Bar 1.9 oz
5,9327693000423,281038,Sukin Signature Body Hydrating Body Lotion 16.9 oz
5,5053250018597,639013,F.E.T.E. Adult Bamboo Toothbrush Tickled Pink Soft
5,5053250025342,639018,F.E.T.E. Adult Bamboo Toothbrush Cha-Cha Charcoal
5,198715755114,806009,Earth Harbor Naturals Facial Care Marina Brightening Ampoule 20 ml
5,9327693011818,281063,Sukin Signature Face Natural Cleansing Oil 4.23 oz
5,9327693004421,281092,Sukin Super Greens Face Detoxifying Facial Scrub 4.23 oz
6,364031300103,546101,Bioforce USA Dental Products Secure Denture Adhesive 1.4 oz
6,646858160109,153571,Bioray Inc. Daily Detoxification &amp; Organ Support For Kids NDF Pooper (Apricot Seed Free) 2 oz
6,018787785058,130450,Dr Bronners Organic Bar Soaps Pure Castile Peppermint 5 oz
6,9327693011627,282152,Sukin Sukin Glow Active-c Vitamin C Boost Cream 1.69 oz
6,689076815697,153568,Bioray Inc. Professional Red Rooster 2 oz
6,018787782057,130442,Dr Bronners Organic Bar Soaps Pure Castile Unscented Baby Mild
6,736211559456,153558,Bioray Inc. Daily Detoxification &amp; Organ Support For Kids NDF Happy 2 oz
6,9327693012037,282164,Sukin Signature Body Botanical Body Wash Coconut Bliss 33.82 oz
6,9327693011610,282150,Sukin Sukin Glow Active-c Vitamin C Brightening Mist 4.23 oz
6,018787784051,130448,Dr Bronners Organic Bar Soaps Pure Castile Lavender 5 oz
6,5060571720184,853010,UPCIRCLE BEAUTY Skincare Organic Face Serum with Coffee Oil 1 oz
6,736211559357,153550,Bioray Inc. Daily Detoxification &amp; Organ Support For Kids NDF Calm 2 oz
7,9327693000355,281064,Sukin Signature Face Hydrating Mist Toner 4.23 oz
7,9327693006913,281015,Sukin Signature Hair Care Volumising Conditioner 16.9 oz
7,9327693004513,281094,Sukin Super Greens Face Nutrient Rich Moisturiser 4.23 oz
7,5060571720177,853014,UPCIRCLE BEAUTY Skincare Face Scrub Citrus Blend 3.5 oz
7,079565000992,140100,Chandrika Ayurvedic Soap Soap Chandrika Ayurvedic Soap 75 gm
7,5053250025984,639019,F.E.T.E. Adult Bamboo Toothbrush Boldly Bare Firm
7,850006541928,806028,Earth Harbor Naturals Facial Care Mermaid Milk Nutrient Glow Moisturizer 1 oz
7,810105791631,446015,Karuna Skin Facial Care All Day Serum 1.01 oz
7,850006541027,806020,Earth Harbor Naturals Facial Care Ahoy Love Cleanser 60 ml
7,5060571721150,853022,UPCIRCLE BEAUTY Skincare Eye Cream with Maple and Coffee .5 oz
7,9327693008696,281046,Sukin Signature Body Hydrating Body Lotion Bergamot &amp; Patchouli 16.9 oz
7,079565009070,360342,Fuchs Toothbrushes Toothbrushes - Pure Natural Bristle Natural Jr Childs Medium
8,736211465955,153566,Bioray Inc. Daily Detoxification &amp; Organ Support For Kids NDF Tummy 2 oz
8,5053250018603,639010,F.E.T.E. Adult Bamboo Toothbrush Magnificent Mauve Soft
8,850006541393,806014,Earth Harbor Naturals Facial Care Nymph Nectar 15 ml
8,5053250025335,639014,F.E.T.E. Adult Bamboo Toothbrush Purple Pizazz Medium
8,072711600183,115200,Remwood Products Company Bodycare Grandmas Lye Soap 6.5 oz
8,856035001426,271011,"DEAD SEA WAREHOUSE, INC. Amazing Minerals Bath Salts Dead Sea Bath Salts 2 lb"
8,666582001745,350012,KOOSHOO Plastic Free Hair Accessories Round Hair Ties Black 4 pk
8,9327693008498,282192,Sukin Sukin Deodorant Ocean Mist 4.23 oz
8,9327693000348,282191,Sukin Sukin Deodorant Signature Scent 4.23 oz
8,895858002432,523010,DESTINY BOUTIQUE Facial Care Charcoal Facial Detox Soap 6 oz
8,049056102054,600108,JR Liggetts Bar Shampoo Bar Shampoo Damaged Hair Formula 3.5 oz
8,026395840328,199338,Lily of The Desert Preservative Free Whole Leaf Juices Preservative Free Whole Leaf Aloe Vera Juice 32 oz
9,850043611370,356012,Hum Nutrition Supplements Flatter Me Extra Strength Capsule 60 ct
9,9327693008726,281045,Sukin Signature Body Botanical Body Wash Bergamot &amp; Patchouli 16.9 oz
9,666582002988,350045,KOOSHOO Plastic Free Hair Accessories Crochet Hair Ties Purple Frost 3 pk
9,736211559258,153554,Bioray Inc. Daily Detoxification &amp; Organ Support For Kids NDF Focus 2 oz
9,9327693012013,282160,Sukin Signature Body Botanical Body Wash Peach Perfect 33.82 oz
9,9327693008481,282190,Sukin Sukin Deodorant Fresh Cotton 4.23 oz
9,018787787052,130446,Dr Bronners Organic Bar Soaps Pure Castile Citrus Orange
9,666582002070,350046,KOOSHOO Plastic Free Hair Accessories Pearl Hair Ties Ocean Pearl 3 pk
9,018787781050,130440,Dr Bronners Organic Bar Soaps Pure Castile Almond 5 oz
9,018787786055,130452,Dr Bronners Organic Bar Soaps Pure Castile Tea Tree 5 oz
9,9327693010668,282128,Sukin Sukin Skin Relief Body Lotion 16.9 oz
9,9327693011689,282142,Sukin Sukin Aquaboost 3d Hyaluronic Acid Night Cream 1.69 oz
10,079565000992,140101,Chandrika Ayurvedic Soap Soap Chandrika Ayurvedic Soap 75 gm 10 pk
10,9327693011665,282144,Sukin Sukin Aquaboost 3d Hyaluronic Acid Water Gel Cream 1.69 oz
10,9327693012020,282162,Sukin Signature Body Botanical Body Wash Melon Delight 33.82 oz
10,049056102047,600107,JR Liggetts Bar Shampoo Bar Shampoo Tea Tree Oil Formula 3.5 oz
10,850011136539,743021,WOODEN SPOON HERBS WOODEN SPOON HERBS TINCTURES Magic Magnesium + Melatonin Tart Cherry 4.6 oz
10,5060571721242,853054,UPCIRCLE BEAUTY UPCIRCLE BEAUTY BODY CARE Hand + Body Lotion with Bergamot Water 1.69 oz
10,5053250025397,639034,F.E.T.E. Children Bamboo Toothbrush Positively Pink Soft
10,5053250025403,639032,F.E.T.E. Children Bamboo Toothbrush Brilliant Blue Soft
10,850006541379,806010,Earth Harbor Naturals Facial Care Marina Brightening Ampoule 10 ml
10,850011136058,743010,WOODEN SPOON HERBS WOODEN SPOON HERBS TINCTURES Tranquility Tonic 2 oz
10,666582002247,350050,KOOSHOO Plastic Free Hair Accessories 3-in-1 Bow Scrunchie Flamingo
10,850022762062,351016,LUMA &amp; LEAF LUMA &amp; LEAF FACIAL CARE Fresh Lift Moisturizer 1.7 oz
11,666582001776,350014,KOOSHOO Plastic Free Hair Accessories Round Hair Ties Golden Fibres 4pk
11,857950007647,446014,Karuna Skin Facial Care All Day Cream 50 ml
11,019373711215,171812,Dr. Tungs Products Oral Hygiene Smart Floss 30 Yards
11,9327693004339,281044,Sukin Signature Body Hydrating Body Lotion Lime &amp; Coconut 16.91 oz
11,9327693011658,282140,Sukin Sukin Aquaboost 3d Hyaluronic Acid Hydration Mist 4.23 oz
11,5900095036517,347030,Hempress Hygienics Hemp Based Period and Personal Care Cosmetic Rounds 90 ct
11,666582001868,350010,KOOSHOO Plastic Free Hair Accessories Flat Hair Ties - Earth Tints 5 pk
11,850011136461,743050,WOODEN SPOON HERBS Capsules Brain Bloom 60 cap
11,9327693011672,282146,Sukin Sukin Aquaboost 3d Hyaluronic Acid Eye Serum .5 oz
11,9327693007118,281116,Sukin Purely Ageless Face Rejuvinating Day Cream 4.06 oz
11,9327693010002,281005,Sukin Signature Hair Care Deep Cleanse Shampoo 16.9 oz
11,5060571721778,853080,UPCIRCLE BEAUTY UPCIRCLE BEAUTY HAIRCARE Shampoo Creme 3.4 oz
12,018787783054,130444,Dr Bronners Organic Bar Soaps Pure Castile Eucalyptus 5 oz
12,857950007654,446016,Karuna Skin Facial Care Lights Out Cream 50 ml
12,5053250018566,639050,F.E.T.E. Multi Pack Bamboo Toothbrush Multi Pack Soft 4 pc
12,5060571721785,853021,UPCIRCLE BEAUTY Skincare Cleansing Face Milk 4.05 oz
12,079565006406,025365,Ancient Secrets Hypertonic Saline Seawater Rinse Breathe Again Nasal Spray 3.38 oz
12,857950007630,446012,Karuna Skin Facial Care Wake Up Eye Cream 15 ml
12,646858160017,153564,Bioray Inc. Daily Detoxification &amp; Organ Support For Kids NDF Sleepy 2 oz
12,810105790009,446033,Karuna Skin Facial Care Quench Bio-Cellulose Mask 12 pc
12,718334220406,170226,Desert Essence Facial Care Products Natural Cleansing Pads w/Tea Tree Oil 50/jar
12,197644497348,806027,Earth Harbor Naturals Facial Care Balancing Mineral Mystic Water Mist 2 oz
12,856035001167,271030,"DEAD SEA WAREHOUSE, INC. Amazing Minerals Face &amp; Body Care Skin Polish 8.8 oz"
12,9327693011832,282100,Sukin Hair Care Repair Shampoo 16.9 oz
13,850022762109,351014,LUMA &amp; LEAF LUMA &amp; LEAF FACIAL CARE Relief &amp; Repair Moisturizer 1.7 oz
13,9327693000362,281066,Sukin Signature Face Cream Cleanser 4.23 oz
13,9327693001239,282171,Sukin Sukin Men Face Cream 4.23 oz
13,857950007623,446010,Karuna Skin Facial Care Balancing Cleanser 150 ml
13,850022762147,351010,LUMA &amp; LEAF LUMA &amp; LEAF FACIAL CARE Hydraglow Gel Cleanser 3.8 oz
13,666582002957,350042,KOOSHOO Twist Headbands Gather Headband Atmosphere
13,9327693002687,281168,Sukin Rosehip Face Hydrating Day Cream 4.06 oz
13,810105790306,446034,Karuna Skin Facial Care Multi-Vitamin Cream Coated Mask 16 ml 12 pk
13,9327693001222,282170,Sukin Sukin Men Face Wash 4.23 oz
13,9327693011849,282102,Sukin Hair Care Repair Conditioner 16.9 oz
13,9327693007101,281117,Sukin Purely Ageless Face Restorative Night Cream 4.06 oz
13,019373911219,171800,Dr. Tungs Products Oral Hygiene Tongue Cleaner each
14,5053250018207,639051,F.E.T.E. Multi Pack Bamboo Toothbrush Multi Pack Adult Medium Multi Color 4 pk
14,5060571721907,853081,UPCIRCLE BEAUTY UPCIRCLE BEAUTY HAIRCARE Conditioner Creme 3.4 oz
14,744419304143,960827,Lotus Light Pure Essential Oils Essential Oil Packaging Supplies Bottle Glass Amber w/Dropper 1 oz &quot;New Version&quot;
14,018787788059,130454,Dr Bronners Organic Bar Soaps Pure Castile Rose 5 oz
14,5060571721532,853007,UPCIRCLE BEAUTY UPCIRCLE BEAUTY BODY CARE Cleansing Face Milk 1.69 oz
14,691808094317,693014,KALAYA PAIN MANAGEMENT 6x Extra Strength Pain Relief Massager 4.2 oz
14,850006541805,806044,Earth Harbor Naturals Kits Dawn to Dusk Kit 4 pc
14,665231130904,501005,Amazing Herbs Supplements Black Seed Oil Vegetarian Capsules 90 caps
14,666582002155,350041,KOOSHOO Plastic Free Hair Accessories Ruffle Scrunchie Tuxedo
14,5060571720948,853023,UPCIRCLE BEAUTY Skincare Night Cream with Blueberry Extract 1.9 oz
14,857950007685,446030,Karuna Skin Facial Care Drench Sheet Mask 22 ml 12 pc
14,050525555011,497233,Sai Baba Nag Champa Incense Sai Baba Nag Champa 15 gram 12 pk
15,665231120042,501002,Amazing Herbs Supplements Black Seed Oil 4 oz
15,852570006797,381024,ALL GOOD ALL GOOD SUN CARE Mineral Facial Sunscreen SPF 30 1.7 oz
15,691808094300,693012,KALAYA PAIN MANAGEMENT 6x Extra Strength Pain Relief Cream 4.2 oz
15,026395830329,199324,Lily of The Desert Preservative Free Fillet Juices Preservative Free Aloe Vera Juice 32 oz
15,5060571722997,853036,UPCIRCLE BEAUTY Deodorant Deodorant Refill with Macadamia + Bergamot Peel Oil 1.45 oz
15,850022762123,351012,LUMA &amp; LEAF LUMA &amp; LEAF FACIAL CARE Afterglow Vitamin C Serum 1 oz
15,860008839046,886025,Flora Flora Hair Care Cloud Hair Oil 1 oz
15,5053250025991,639020,F.E.T.E. Adult Bamboo Toothbrush Glorious Green Firm
15,9327693011856,282104,Sukin Hair Care Intensive Repair Masque 6.76 oz
15,763669142084,855050,Sombra Cosmetics Sore no More Warm Therapy Natural Pain Relieving Gel Jar 8 oz
15,857950007661,446018,Karuna Skin Facial Care Radiance Toner 150 ml
15,857950007098,446035,Karuna Skin Facial Care Collagen Hydrogel Face Mask .98 oz 12 pk
16,018787500712,130992,Dr Bronners All-one Toothpaste Peppermint 5 oz
16,9327693002175,281176,Sukin Sensitive Face Facial Moisturiser 4.23 oz
16,860008839060,886030,Flora Flora Hair Care Root Systems Hair Mask 4 oz
16,666582002339,350038,KOOSHOO Plastic Free Hair Accessories Satin Bow Scrunchie Violet Ice
16,018787765166,130310,Dr Bronners Liquid Castile Soap Peppermint 16 oz
16,9327693000539,281078,Sukin Signature Face Antioxidant Eye Serum 1.01 oz
16,856035001099,271021,"DEAD SEA WAREHOUSE, INC. Amazing Minerals Body &amp; Facial Care Bars Original Face &amp; Body Care Bar 5.2 oz"
16,026395300327,199334,Lily of The Desert Whole Leaf Juices &amp; Gels Aloe Juice 32 oz
16,026603424432,345125,Flower Valley Ayate Ayate
16,000360000030,164045,Eco-Dent GentleFloss Premium Dental Floss Mint 100 yds Each
16,810105791624,446019,Karuna Skin Facial Care Fade Away Microneedle Patches 6 ea 10pk
16,850011136478,743051,WOODEN SPOON HERBS Capsules Stress Savior 90 cap
17,850022762628,351013,LUMA &amp; LEAF LUMA &amp; LEAF FACIAL CARE HydroRescue Pro-Barrier Serum 1 oz
17,857950007593,446036,Karuna Skin Facial Care Collagen Hydrogel Neck Mask .95 oz 12 pk
17,691808094348,693010,KALAYA PAIN MANAGEMENT Pain Relief Spray 2 oz
17,5900095036494,347031,Hempress Hygienics Hemp Based Period and Personal Care Swabs 200 ct
17,850011136560,743011,WOODEN SPOON HERBS WOODEN SPOON HERBS TINCTURES Digestive Bitters 1 oz
17,018787500828,130993,Dr Bronners All-one Toothpaste Spearmint 5 oz
17,810105790313,446023,Karuna Skin Facial Care Age Rewind Microneedle Patches 10 pk
17,018787775080,130716,Dr Bronners Liquid Castile Soap Peppermint 8 oz
17,077326159019,310650,Toms of Maine Trial Size Products Peppermint Antiplaque Whitening Toothpaste 1 oz
17,782126003065,230201,Natracare Cool Comfort Pads And Shields Curved Panty Shields 30 Shields
17,9327693002199,281173,Sukin Sensitive Face Cleansing Gel 4.23 oz
17,666582002100,350039,KOOSHOO Plastic Free Hair Accessories Honeycomb Scrunchie Coconut Milk
18,9327693011863,282106,Sukin Hair Care Reconstructor Serum 4.23 oz
18,855514005283,356010,Hum Nutrition Supplements Flatter Me Capsules 60 ct
18,5060571722942,853035,UPCIRCLE BEAUTY Deodorant Refillable Deodorant with Macadamia + Bergamot Peel Oil 1.45 oz
18,827854013761,310139,Toms of Maine Floride Free Toothpaste Anti-Plaque &amp; Whitening Peppermint Paste 4 oz 2 pk
18,628110868800,350034,KOOSHOO Plastic Free Hair Accessories Scrunchies True Blue 2 pk
18,744419304112,960809,Lotus Light Pure Essential Oils Essential Oil Packaging Supplies Blue Glass Bottle with Sprayer 4 oz
18,782126003003,230200,Natracare Cool Comfort Pads And Shields Panty Shields 30 ct
18,5053250026592,639022,F.E.T.E. Adult Bamboo Toothbrush Morning Sunshine Yellow Medium
18,073377071201,140505,Earth Therapeutics Foot &amp; Pumice Products Natural Sierra Pumice Stone
18,663204210554,548042,INDIGO WILD Zum Mist Frankincense &amp; Myrrh 4 oz
18,049347003237,755095,Sage Secrets Smudge Wands White Sage 5&quot;
18,744419304105,960808,Lotus Light Pure Essential Oils Essential Oil Packaging Supplies Blue Glass Bottle with Sprayer 2 oz
19,636874040240,172070,EO Products Body Lotion French Lavender 8 oz
19,9327693000720,282173,Sukin Sukin Men Shaving Cream 8.45 oz
19,049056102030,600119,JR Liggetts Bar Shampoo Bar Shampoo Virgin Coconut &amp; Argan Oil 3.5 oz
19,9327693007200,281169,Sukin Rosehip Face Enriching Night Cream 4.06 oz
19,9327693002427,281032,Sukin Signature Body Hand &amp; Nail Cream Tube 4.23 oz
19,9327693001215,282175,Sukin Sukin Men 3-in-1 Wash 16.91 oz
19,9327693004315,281042,Sukin Signature Body Botanical Body Wash Lime &amp; Coconut 16.91 oz
19,827854011644,310143,Toms of Maine Floride Free Toothpaste Anti-Plaque &amp; Whitening Peppermint 4.5 oz
19,5060571720771,853017,UPCIRCLE BEAUTY Skincare Face Toner with Mandarin and Chamomile 3.4 oz
19,9327693000201,282115,Sukin Signature Hair Care Sensitive Scalp Care Shampoo 16.91 oz
19,631740120026,118126,Preserve Flavored Toothpicks Cinnamint 35 ct
19,019373715114,171823,Dr. Tungs Products Oral Hygiene Smart Floss Mint 30 yd
20,878639004436,456015,Every Man Jack Body Crimson Oak Deodorant 3 oz
20,850046790034,726010,SWEET BEE MAGIC SWEET BEE MAGIC Skin Balm 2 oz
20,636874223131,172326,EO Products Sanitizing Products Everyone Lavender &amp; Aloe Spray 2 oz
20,026603347120,860100,Flower Valley T-Bag Flower Valley Cotton Teabags(3 Bags)
20,899246002608,302100,Mouth Watchers Manual Toothbrushes Adult Blue
20,804879263548,487012,Puremedy Inc. Natural Skin &amp; Wound Healing Salve Intensive Skin Repair 1 oz
20,637226111274,553014,"Prasad Gifts, Inc. Celestial Incense Sandalwood 10 gm"
20,9327693000249,282116,Sukin Signature Hair Care Sensitive Scalp Care Conditioner 16.91 oz
20,878639000216,456021,Every Man Jack Body Cedarwood + Amber Deodorant 3 oz
20,665231120080,501003,Amazing Herbs Supplements Black Seed Oil 8 oz
20,760860201008,015140,Aloha Bay Palm Wax Candles Chakra Jars Lotus (White) Unscented 16 oz
20,050525555035,497227,Sai Baba Nag Champa Incense Sai Baba Nag Champa 40 gm
21,077326460160,310174,Toms of Maine Wicked Fresh! Long-Lasting Toothpaste &amp; Mouthwash Cool Mountain Mint Fluoride-Free Mouthwash 16 oz
21,5900095036432,347010,Hempress Hygienics Hemp Based Period and Personal Care Day Pad 12 ct
21,9327693011344,282180,Sukin Sukin Natural Actives Brightening Serum .85 oz
21,079565009209,360455,Fuchs Toothbrushes Toothbrushes - Nylon Bristle Medoral Jr. Childs
21,691808094355,693013,KALAYA PAIN MANAGEMENT Extra Strength Pain Relief Foam 2.7 oz
21,850006541362,806012,Earth Harbor Naturals Facial Care Mermaid Milk Moisturizer 15 ml
21,804879263609,487010,Puremedy Inc. Natural Skin &amp; Wound Healing Salve Orginal Ointment 1 oz
21,9327693000621,282110,Sukin Sun After Sun Cooling Mist 8.45 oz
21,878639000230,456023,Every Man Jack Body Sandalwood + Teak Deodorant 3 oz
21,899246002615,302101,Mouth Watchers Manual Toothbrushes Adult Green
21,850006541973,806030,Earth Harbor Naturals Facial Care Azure Neck + Face Water Cream 30 ml
21,636874220482,172301,EO Products Sanitizing Products Everyone Coconut &amp; Lemon Spray 2 oz
22,9327693001260,282174,Sukin Sukin Men Beard Oil 1.69 oz
22,857307003254,418041,Earths Care Carrier Oils Castor Oil 8 oz
22,852570006544,381022,ALL GOOD ALL GOOD SUN CARE Sport Sunscreen Spray Water Resistant SPF 30 6 oz
22,5053250025311,639016,F.E.T.E. Adult Bamboo Toothbrush Upbeat Blue Medium
22,744419304136,960822,Lotus Light Pure Essential Oils Essential Oil Packaging Supplies Bottle Glass Amber w/Dropper 1/2 oz &quot;New Version&quot;
22,9327693012044,281188,Sukin Rosehip Face Organic Rosehip Oil .85 oz
22,077326457832,310541,Toms of Maine Mouthwash Wholecare Mint 16 oz
22,708949222223,230105,Nanaks Lip Smoothee Lip Balm Coconut
22,9327693007170,281050,Sukin Signature Body Cleansing Hand Wash 16.9 oz
22,018787775325,130718,Dr Bronners Liquid Castile Soap Peppermint 32 oz
22,708949111114,230117,Nanaks Lip Smoothee Lip Balm Unscented
22,827854027126,310089,Toms of Maine Floride Free Toothpaste Rapid Relief Sensitive 4.5 oz
23,636874220376,172553,"EO Products EO 3 In 1 Everyone Soap: Shower Gel, Bubble Bath, Shampoo Unscented 32 oz"
23,705766007019,800900,Thera Cane ( Theracane ) Thera Cane Thera Cane Massage Tool
23,760860843109,015585,Aloha Bay Himalayan Salt Lamps Replacement Bulb 15 Watt
23,198168433454,806031,Earth Harbor Naturals Facial Care Siren Silk Hydration Cream 30 ml
23,9327693010620,282124,Sukin Sukin Skin Relief Facial Moisturizer 4.23 oz
23,9327693011375,282181,Sukin Sukin Natural Actives Pro-Collagen Serum .85 oz
23,852570006513,381020,ALL GOOD ALL GOOD SUN CARE Sport Sunscreen Lotion Tube SPF 30 3 oz
23,035000971234,310266,Toms of Maine Childrens Toothpaste Silly Strawberry Fluoride 5.1 oz
23,073377081057,140220,Earth Therapeutics Loofah Bath Accessories Loofah Sponge 5 in
23,9327693001253,282172,Sukin Sukin Men Facial Scrub 4.23 oz
23,760286100954,878010,Uncle Harrys Natural Products Oral Care Miracle Mouthwash 8 oz
23,878639011892,456210,Every Man Jack Body Antiperspirant + Deodorant Sandalwood 2.6 oz
24,850006541874,806026,Earth Harbor Naturals Facial Care Oasis Deep Pore Cleanser 2 oz
24,724773109035,850200,Swedish Traditions - Tea Accessories Mesh Tea Ball 2&quot; Small
24,852570006810,381018,ALL GOOD ALL GOOD SUN CARE Tinted Sunscreen SPF 30 3 oz
24,878639003415,456014,Every Man Jack Body Sea Salt + Citrus Deodorant 3 oz
24,860001302639,656012,CONSCIOUS COCONUT Organic Coconut Oil Coconut Oil Jar 8 oz
24,817678013771,836121,San Francisco Salt Company Epsoak Sleep Formula 2 lb
24,9327693011351,282182,Sukin Sukin Natural Actives Hydrating Serum .85 oz
24,899246002783,302102,Mouth Watchers Manual Toothbrushes Adult Red
24,859220000310,420021,Earth Mama Organics Balms Organic Diaper Balm 2 oz
24,026395000326,199312,Lily of The Desert Fillet Juices &amp; Gels Aloe Vera Juice 32 oz
24,035000971227,310267,Toms of Maine Childrens Toothpaste Silly Strawberry Fluoride Free 5.1 oz
24,077326470176,310810,Toms of Maine Whole Care Toothpaste Peppermint 4 oz
25,878639011908,456209,Every Man Jack Body Antiperspirant + Deodorant Cedarwood 2.6 oz
25,9327693011795,281059,Sukin Signature Face Mattifying Facial Moisturizer 4.23 oz
25,830911001021,534100,MOON VALLEY ORGANICS Foaming Soap Mint Lavender 8.8 oz
25,728315006103,049012,Annemarie Borlind Natural Beauty LL Regeneration Day Cream 1.69 oz
25,878639000100,456009,Every Man Jack Body Sandalwood Body Wash 16.9 oz
25,636874220383,172568,EO Products Everyone Lotion Unscented 32 oz
25,026395000166,199310,Lily of The Desert Fillet Juices &amp; Gels Aloe Vera Juice 16 oz
25,9327693000638,282111,Sukin Sun After Sun Soothing Gel 8.45 oz
25,663204241879,548053,INDIGO WILD Zum Mist Sea Salt 4 oz
25,018787111116,130106,Dr Bronners Hand Sanitizing Spray Lavender Organic 2 oz
25,827854011675,310145,Toms of Maine Floride Free Toothpaste Anti-Plaque &amp; Whitening Spearmint Gel 4.5 oz
25,018787762165,130610,Dr Bronners Liquid Castile Soap Unscented Baby Mild 16 oz
26,076970221219,179277,Heritage Store Castor Oil Organic Castor Oil 16 oz
26,049056011004,600045,JR Liggetts Bar Shampoo Bar Conditioner Conditioner Bar 1.75 oz
26,804879263616,487022,Puremedy Inc. Natural Skin &amp; Wound Healing Salve Feminine Moisturizer 1 oz
26,817678013764,836122,San Francisco Salt Company Epsoak Muscle Soak Formula 2 lb
26,041954340897,846232,Zand Formulas Herbalozenges Elderberry Zinc 18 ct
26,026395000043,199401,Lily of The Desert Topicals - Aloe Vera Gelly Aloe Vera Gelly 4 oz
26,782126003096,230234,Natracare Cool Comfort Pads And Shields Ultra Thin Panty Liners 22 ct
26,827854019251,310827,Toms of Maine Whitening Toothpaste Whiten + Coconut Oil Gentle Mint Fluoride Free 4 oz
26,782126003126,230215,Natracare Cool Comfort Pads And Shields Individually Wrapped Natural Panty Liner 18 ct
26,049056111049,600105,JR Liggetts Bar Shampoo Bar Shampoo Jojoba Peppermint 3.5 oz
26,075573000153,143140,Clearly Natural Soaps Glycerine Soaps Unscented 4 oz
26,798412444412,171100,Dr. Singhas Mustard Baths Bath 2 oz
27,782126003140,230252,Natracare Cool Comfort Pads And Shields Panty Liner Long Wrapped 16 ct
27,5900095036470,347014,Hempress Hygienics Hemp Based Period and Personal Care Pantyliners 20 ct
27,636874220826,172612,EO Products Everyone Hand Soap Meyer Lemon Mandarin 12.75 oz
27,077326980309,310308,Toms of Maine Flossing Tape Anti-Plaque Flat Floss Spearmint 32 Yards
27,691808094362,693011,KALAYA PAIN MANAGEMENT Extra Strength Pain Relief Gel with Arnica 3.5 oz
27,9327693003769,281177,Sukin Sensitive Face Calming Night Cream 4.06 oz
27,603225412018,231392,Four Elements Creams Wild Yam Balancing Cream 2 oz
27,9327693010019,281006,Sukin Signature Hair Care Deep Cleanse Conditioner 16.9 oz
27,636874121512,172551,"EO Products EO 3 In 1 Everyone Soap: Shower Gel, Bubble Bath, Shampoo Lavender Aloe"
27,708949333332,230100,Nanaks Lip Smoothee Lip Balm Almond
27,782126003058,230210,Natracare Cool Comfort Pads And Shields Ultra Regular Pads With Wings 14 Pad
27,9327693010644,282126,Sukin Sukin Skin Relief Hand Wash 16.9 oz
28,018787766323,130655,Dr Bronners Sal Suds Cleaning Liquids Sal Suds Cleaner Liquid 32 oz
28,752830678880,153560,Bioray Inc. Daily Detoxification &amp; Organ Support For Kids NDF Immune 2 oz
28,035000985200,310825,Toms of Maine Whole Care Toothpaste Peppermint Anticavity Toothpaste 4 oz 2pk
28,830911001014,534061,MOON VALLEY ORGANICS Foaming Soap Orange Spice 8.8 oz
28,079625074239,104509,Paris Presents Eco Tools Bath Glove
28,077326470190,310812,Toms of Maine Whole Care Toothpaste Cinnamon Clove 4 oz
28,197644864676,806033,Earth Harbor Naturals Facial Care Anchor Bio-Retinol Vitality Serum 20 ml
28,077326832592,310663,Toms of Maine Trial Size Products Fresh Mint Whitening Fluoride Toothpaste 3 oz
28,850014695071,366014,BALM OF GILEAD Bodycare Manuka Honey Cream 4 oz
28,623206011474,374058,Maroma USA Encens Dauroville Incense Patchouli 10 pk
28,665231021004,501004,Amazing Herbs Supplements Black Seed 500 mg Original Plain 100 caps
28,728315006004,049011,Annemarie Borlind Natural Beauty LL Regeneration Night Cream 1.69 oz
29,077326832608,310665,Toms of Maine Trial Size Products Fresh Mint Whitening Fluoride Free Toothpaste 3 oz
29,860000333542,487019,Puremedy Inc. Natural Skin &amp; Wound Healing Salve Eucalyptus Chest Rub 2 oz
29,,107182,Neem: The Ultimate Herb
29,026395100323,199304,Lily of The Desert Fillet Juices &amp; Gels Aloe Vera Gel 32 oz
29,,274001,Blessing Cards 210 pc with Drawstring Bag
29,5900095036456,347012,Hempress Hygienics Hemp Based Period and Personal Care Night Pad 12 ct
29,,476495,Lifetime of Beauty
29,,821417,Angel Cards Expanded Edition
29,,821418,Angel Cards &amp; Book Expanded Edition
29,,821420,Angel Cards Expanded Edition Book
29,,966000,Aromatherapy Bible
29,,966001,Astrology Bible
30,,966002,Meditation Bible
30,,966003,Wicca Bible
30,,966004,ANGEL BIBLE
30,,966005,TAROT BIBLE *Bartlett
30,,966006,FAIRY BIBLE (The)
30,,966007,CHAKRA BIBLE
30,,966008,SMUDGING &amp; BLESSINGS BK (new)
30,,966009,REIKI BIBLE
30,,966010,COMPLETE CRYSTAL HANDBOOK
30,,966011,WILDWOOD TAROT
30,,966012,"12,000 DREAMS INTERPRETED"
30,,966013,HOW TO HEAL TOXIC THGHTS (q)
31,,966014,BOOK OF CHAKRA HLNG (q) (new)
31,,966015,WICCAPEDIA (H) (new)
31,,966016,LITTLE BIT OF CRYSTALS (H) *bk
31,,966017,LITTLE BIT OF DREAMS (H)
31,,966018,LITTLE BIT OF TAROT (H)
31,,966019,CRYSTAL READING CARDS
31,,966020,1001 SPELLS (H)
31,,966022,LITTLE BIT OF CHAKRAS (H)
31,,966023,BOOK OF SHADOWS (F) *Eason
31,,966024,CLEARING SPACES
31,,966025,GOOD WITCH&#39;S GUIDE (H)
31,,966027,LITTLE BIT OF WICCA (H)
32,,966028,LITTLE BIT OF AURAS (H)
32,,966030,LITTLE BIT OF FAIRIES (H)
32,,966031,WICCAPEDIA JOURNAL (H)
32,,966032,PROTECTION MAGICK
32,,966033,DREAM BIBLE (new)
32,,966035,CRYSTAL REIKI
32,,966037,WITCH&#39;S WAY (H) *Robbins
32,,966038,DAILY SPELL JOURNAL (H)
32,,966039,LITTLE BIT OF PENDULUMS (H)
32,,966040,MODERN WITCH TAROT DECK
32,,966042,LITTLE bit OF GODDESS (H)
32,,966043,CRYSTAL WITCH (H)
33,,966044,WICCA FOR BEGINNERS (H) *Chamb
33,,966045,WICCAPEDIA SPELL DECK
33,,966046,WHITE NUMEN
33,,966048,MODERN WITCH TAROT JOURNAL (H)
33,,966049,1001 TAROT SPREADS (H)
33,,966050,Advanced Candle Magick
33,,966051,Animal Speak
33,,966053,Buckland&#39;s Comp Witchcraft (O)
33,,966055,CANDLE MAGIC for beginners
33,,966057,CELTIC myth &amp; MAGIC (O)
33,,966059,"Complete Bk Incense, Oils &amp;"
33,,966060,CUNNINGHAM&#39;S ENC/magical hrbs
34,,966061,CUNNINGHAM&#39;S ENC/crystals...
34,,966062,CUNNINGHAM&#39;S ENC/wicca/kitchen
34,,966064,EGYPTIAN TAROT reg *Alasia+
34,,966065,Golden Tarot Of Klimt
34,,966066,Green Witchcraft *Moura
34,,966067,Grimoire For The Green Witch
34,,966069,JOURNEY OF SOULs *bk/Newton
34,,966075,Nefertari&#39;s Tarots+
34,,966076,Numerology For Beginners
34,,966077,Pendulum Magic For Beginners
34,,966078,PRAC GD TO THE RUNES *Peschel
34,,966080,PSYCHIC DEVELOPMENT/beginners
35,,966081,Revelations Tarot
35,,966082,ROBIN WOOD TAROT deck+
35,,966083,SOLITARY WITCH (ages 12-17)(O)
35,,966089,WHEELs OF life *bk/Judith
35,,966090,Wicca: Guide/solitary Prac
35,,966092,AFRO-BRAZILIAN TAROT
35,,966093,HOW/MEET/WORK/SPIRIT GDS (q)
35,,966094,MYSTIC FAERIE TAROT (kit)
35,,966096,AFRICAN AMERICAN TAROT
35,,966097,LLE COMP BK/astrology (O)
35,,966098,GOLDEN BOTTICELLI TAROT
35,,966099,SEA MAGIC
36,,966100,MYSTIC DREAMER TAROT
36,,966101,COMP BK OF CHAKRA HEALING
36,,966102,TAROT OF SEXUAL MAGIC
36,,966103,CUNNINGHAM&#39;S BK OF SHADOWS (H)
36,,966104,LEGACY OF THE DIVINE TAROT
36,,966105,SHADOWSCAPES TAROT (set)
36,,966106,TAROT FOR BEGINNERS *Moore
36,,966107,TAROT OF PAGAN CATS
36,,966109,STEAMPUNK TAROT (set) *Moore
36,,966110,WITCHES TAROT *Dugan
36,,966112,"ESS GD/CRYSTLS, MNRLS &amp; STONES"
36,,966113,ULT GUIDE TO RIDER WAITE TAROT
37,,966114,LLE COMP BK/correspondences(O)
37,,966115,WICCA ORACLE CARDS
37,,966116,BOOK OF CRYSTAL SPELLS
37,,966118,GOLDEN UNIVERSAL TAROT
37,,966119,TAROT OF THE ORISHAS (set)
37,,966120,BLACK CATS TAROT
37,,966121,RUNES ORACLE CARDS
37,,966122,"BOOK OF SHADOWS TAROT, V.1(dk)"
37,,966123,MYSTICAL CATS TAROT
37,,966124,365 TAROT SPREADS
37,,966125,BOOK OF CELTIC magic
37,,966126,CECCOLI TAROT
38,,966127,MYSTIC FAERIE TAROT DECK
38,,966128,MUCHA TAROT
38,,966130,ANODEA JUDITH&#39;S CHAKRA YOGA
38,,966131,LLE COMP BK/chakras (O)
38,,966132,GREEN WITCH TAROT
38,,966133,RAVEN&#39;S PROPHECY TAROT
38,,966134,CRYSTAL GRIDS
38,,966135,ANIMAL TOTEM TAROT
38,,966136,LINESTRIDER TAROT
38,,966137,LLE COMP BK of tarot (O)
38,,966140,EVERYDAY WITCH TAROT
38,,966141,KITCHEN TABLE TAROT
39,,966149,TAROT FAMILIARS
39,,966151,ANGELARIUM: emanations (dk&amp;bk)
39,,966152,CELTIC TAROT *Hughes
39,,966153,SANTA MUERTE TAROT
39,,966154,HEDGEWITCH BOTANICAL ORACLE
39,,966155,QUEER MAGIC
39,,966156,MODERN GUIDE 2 ENERGY CLEARING
39,,966157,TAROT DE LA NUIT
39,,966158,STARMAN TAROT KIT
39,,966159,SANTA MUERTE ORACLE
39,,966161,LLE COMP BK/RW-SMITH TAROT (O)
39,,966162,HOW TO USE A CRYSTAL
40,,966163,FAIRY ORACLE *Rackham
40,,966165,365 DAYS OF HOODOO
40,,966167,LLE LTTL BK OF TAROT (H)
40,,966168,SACRED HERB BUNDLES 4 ENRGY...
40,,966169,MILLENNIUM THOTH TAROT
40,,966171,YGGDRASIL: norse divination
40,,966172,MERMAID TAROT (dk)
40,,966174,GOLDEN ART NOUVEAU TAROT
40,,966175,FOREST OF ENCHANTMENT TAROT
40,,966176,EVERYDAY WITCH ORACLE
40,,966177,BARBIERI FANTASY CATS ORACLE
40,,966179,TAROT BLACK &amp; GOLD EDITION
41,,966180,ASTROLOGY FOR BEGINNERS *Pond
41,,966181,WIZARDS TAROT (dk/bk) *Moore
41,,966183,PSYCHIC WITCH
41,,966184,HOW TO USE A PENDULUM *Webster
41,,966187,DARK WOOD TAROT
41,,966188,LLE LTTL BK OF moon spells (H)
41,,966189,EROTIC FANTASY TAROT
41,,966191,MURDER OF CROWS TAROT
41,,966194,BOOK OF CANDLE MAGIC (H)
41,,966196,EDGAR ALLAN POE TAROT
41,,966199,CERRIDWEN
41,,966200,TAROT: ORIGINAL 1909
42,,966201,TAROT VINTAGE
42,,966205,"Keychain, Tiny Tarot"
42,,966206,A CROWLEY THOTH DECK *small
42,,966207,A CROWLEY THOTH DECK *old/LRG
42,,966208,AFRICAN TAROT (deck)
42,,966209,ANCESTRAL PATH TAROT deck
42,,966210,AQUARIAN TAROT deck
42,,966211,ALBANO-WAITE TAROT DECK reg
42,,966212,Blank Tarot Cards Deck
42,,966213,Celestial Tarot
42,,966214,COMPLETE TAROT KIT
42,,966216,DRAGON TAROT deck *Donaldson
43,,966217,Giant Rider Waite Deck
43,,966218,GODDESS TAROT deck
43,,966220,Gypsy Witch Fortune Tlng Crds
43,,966221,HALLOWEEN TAROT deck
43,,966222,HERBAL TAROT deck!!
43,,966223,MEDICINE WOMAN TAROT deck
43,,966224,MORGAN-GREER TAR dk(orMORTAR?)
43,,966225,Mini Rider Waite Tarot Deck
43,,966226,NATIVE AMER TAROT deck *Gonzal
43,,966227,Original Rider Waite Tar Pack
43,,966228,Pocket Rider Waite Deck
43,,966229,QUICK &amp; EASY TAROT
44,,966230,RADIANT RIDER-WAITE TAROT DECK
44,,966231,RIDER-WAITE TAROT DECK
44,,966232,STARTER TAROT DECK (78 cards)
44,,966233,TAROT OF/MOON GRDN deck
44,,966234,Tiny Univ Waite Tarot(POCUNI?)
44,,966235,UNIVERSAL WAITE TAROT dck *reg
44,,966236,UNIVERSAL WAITE TAROT set
44,,966238,HERMETIC TAROT DECK
44,,966239,A Crowley Thoth Deck Premier
44,,966240,Rider Waite Tarot Premier
44,,966241,GODDESS ORACLE (set) (new ed)
44,,966242,RIDER-WAITE TAROT DECK (Span)
45,,966243,DEVIANT MOON TAROT: premier
45,,966244,UNIVERSAL WAITE TAROT dck *pre
45,,966245,SUN &amp; MOON TAROT
45,,966247,TEA LEAF FORTUNE CARDS *USG
45,,966248,CRYSTAL VISIONS TAROT
45,,966249,SMITH-WAITE CENTENNIAL
45,,966250,CHRYSALIS TAROT (deck)
45,,966251,ORACLE OF VISIONS (deck)
45,,966252,DEVIANT MOON TAROT: borderless
45,,966253,VINTAGE WISDOM ORACLE
45,,966254,RADIANT RIDER-WAITE TAROT(tin)
45,,966256,DEVIANT MOON TAROT
46,,966257,MUDRAS/AWAKEN ENRGY BODY(deck)
46,,966258,TAROT OF DREAMS DECK &amp; BOOK
46,,966259,CHRYSALIS TAROT (bk &amp; deck)
46,,966260,EXP TAROT/RADIANT RIDER(bk/dk)
46,,966261,MYSTICAL WISDOM CARD DECK
46,,966262,FIN DE SIECLE KIPPER
46,,966263,AQUARIAN TAROT (tin)
46,,966265,BOTANICAL INSPIRATIONS (dk/bk)
46,,966266,SUN &amp; MOON TAROT (tin)
46,,966267,WONDERLAND TAROT (tin)
46,,966268,CBD TAROT DE MARSEILLE
46,,966269,SMITH-WAITE TAROT BORDERLESS
47,,966270,SPIRITSONG TAROT
47,,966271,EIGHT COINS TATTOO TAROT
47,,966272,ORACLE OF MYSTICAL MOMENTS
47,,966273,ETHEREAL VISIONS (deck)
47,,966274,"BUDDHA WISDOM, SHAKTI POWER"
47,,966275,BIANCO NERO TAROT
47,,966276,SPIRIT OF THE ANIMALS ORACLE
47,,966277,WHITE SAGE TAROT
47,,966278,CROW TAROT
47,,966279,DIVINE FEATHER MESSENGR(dk/bk)
47,,966280,URBAN TAROT
47,,966282,HERBCRAFTER&#39;S TAROT
48,,966283,MYSTIC SISTERS ORACLE DECK
48,,966284,FIELD GD/GARDEN DRAGONS (deck)
48,,966285,INVERSION TAROT (tin)
48,,966286,FAIRY WISDOM ORACLE
48,,966287,HUSH TAROT
48,,966288,PRIDE TAROT
48,,966289,100% PLASTIC RIDER-WAITE TAROT
48,,966290,TAROT OF MYSTICAL MOMENTS
48,,966291,WISE DOG TAROT
48,,966292,FIELD TAROT
48,,966295,DREAMKEEPERS TAROT
48,,966296,DREAMSCAPE ORACLE
49,,966297,CRYSTAL MESSAGE CARDS
49,,966298,HEART &amp; HANDS TAROT
49,,966299,REFLECTIVE TAROT
49,,966300,RIDER-WAITE PLAYING CARD DECK
49,,966301,TAROT OF THE ABYSS
49,,966302,NEW ORLEANS ORACLE DECK (new)
49,,966303,Art Of Psychic Protection
49,,966304,BOOK OF THOTH (q) *bk
49,,966306,Learning The Tarot (O)
49,,966308,Seven Seven Seven
49,,966309,ASTROLOGY FOR YRSLF (O) (new)
49,,966311,FIVE LEVELS OF ATTACHMENT
50,,966313,MASTERY OF SELF
50,,966314,ODIN
50,,966316,CRYSTAL GRIDWORK
50,,966318,BLACKTHRN&#39;S BOTANICAL magic
50,,966319,BIG BK/RUNES &amp; RUNE MAGIC (O)
50,,966321,BIG BOOK OF TAROT (O)
50,,966322,78 DEGREES OF WISDOM (new)
50,,966323,WISDOM OF THE SHAMANS (q)
50,,966324,TAROT FOR YOUR SELF (O) (new)
50,,966325,MORRIGAN (The)
50,,966327,MEDICINE BAG
50,,966329,WITCHES&#39; ORACLE *Morningstar
